code,type,value,description,is_active,expires_at,min_purchase_amount,max_usage_count,current_usage_count,program_tag,organization_id,id,created_date,updated_date,created_by_id,created_by,is_sample
TEST10,percentage,25,25% TEST VOUCHER,false,,0,,2,Unpacked Series,,68f2a81e91219dd8bf914288,2025-10-17T20:33:34.192000,2025-10-20T15:59:32.733000,68efc2103e0a30fafad6dde8,mat.the.diver@googlemail.com,false
FIXED20,fixed,59.5,,true,,0,,5,Unpacked Series,,68f3192bbf76e8ccbc430357,2025-10-18T04:35:55.649000,2025-10-23T12:47:09.515000,68efc2103e0a30fafad6dde8,mat.the.diver@googlemail.com,false
TF100,percentage,100,Training fund used to cover cost in full,true,2025-11-30T16:55:00.000Z,0,,3,Unpacked Series,,68f65b8c8a64a41b7d1d26c9,2025-10-20T15:55:56.197000,2025-11-04T14:28:07.051000,anonymous,anonymous,false
TVHALF,fixed,60,Training Voucher - £62.50 - half,false,2025-11-30T16:57:00.000Z,0,,1,Unpacked Series,,68f65c0343a253864d76b5e2,2025-10-20T15:57:55.835000,2025-10-29T15:33:31.300000,anonymous,anonymous,false
TVFULL,fixed,120,Training Voucher Full £125.00,false,2025-11-30T16:59:00.000Z,0,,5,Unpacked Series,,68f65c5f7234093213be0a92,2025-10-20T15:59:27.330000,2025-10-29T15:34:07.688000,anonymous,anonymous,false
TV100,percentage,100,Training vouchers used to cover the cost in full,true,2025-11-30T16:55:00.000Z,0,,14,Unpacked Series,,68f8cae491a669d327e843dc,2025-10-22T12:15:32.983000,2025-11-25T15:53:11.402000,anonymous,anonymous,false
ITGFREEPLACE,percentage,100,Free place for members of the International Task Group. Ask Erica!,true,,0,,9,Unpacked Series,,690b4f5f519931a154d0b75a,2025-11-05T13:21:35.007000,2025-11-06T10:23:30.344000,anonymous,anonymous,false
L6QM8B3R,percentage,100,100% staff discount,true,,0,,1,,,690c7673d0a17e2c11a29fc9,2025-11-06T10:20:35.256000,2025-11-11T16:18:59.691000,anonymous,anonymous,false