name,description,parent_folder_id,display_order,id,created_date,updated_date,created_by_id,created_by,is_sample
Dummy thumbnails,,,0,691397b8e02f53eeecbc3aff,2025-11-11T20:08:24.742000,2025-11-18T11:56:13.175000,68efc2103e0a30fafad6dde8,mat.the.diver@googlemail.com,false
Annual Conference,,,1,6914a6bdd5d01bf6d6221913,2025-11-12T15:24:45.925000,2025-11-18T11:33:59.780000,anonymous,anonymous,false
Phoenix,,,1,6914a6c684363edf434d2ed3,2025-11-12T15:24:54.221000,2025-11-18T12:29:27.644000,anonymous,anonymous,false
Leadership Conference (formerly Heads of Service Conference),,,4,6914aba48173e316c8458ba9,2025-11-12T15:45:40.850000,2025-11-18T11:45:24.351000,anonymous,anonymous,false
Research,,,8,691c59385b5345da1e504b78,2025-11-18T11:32:08.968000,2025-11-18T11:32:08.968000,anonymous,anonymous,false
Unpacked,,,9,691c594c3c00705eb279fad3,2025-11-18T11:32:28.789000,2025-11-18T11:32:28.789000,anonymous,anonymous,false
Task Groups Working Parties and Committees NO SUBFOLDERS,,,17,691c6b3ff6e5964c1c7b1909,2025-11-18T12:49:03.682000,2025-11-18T14:50:29.559000,anonymous,anonymous,false
Member webinars,,,7,691c8207d454eca5d689c3fd,2025-11-18T14:26:15.304000,2025-11-18T14:26:15.304000,anonymous,anonymous,false
Policy and advocacy,,,8,6925c198e2f8b345a9ce0a79,2025-11-25T14:47:52.731000,2025-11-25T14:47:52.731000,anonymous,anonymous,false