name,description,slug,layout_type,fields,submit_button_text,success_message,redirect_url,require_authentication,is_active,submission_count,id,created_date,updated_date,created_by_id,created_by,is_sample
Something missing,"Contact us if you can’t find something you are looking for.

As we continue moving content over to our new website, some pages, resources or information may still be in progress or temporarily missing.

If you’re having trouble finding something, please let us know using the form below. Your feedback helps us make sure everything is easy to access and up to date.",something-missing,card_swipe,"[{""id"":""field_1763397080776"",""type"":""user_name"",""label"":""Your name"",""placeholder"":"""",""required"":true,""options"":[]},{""id"":""field_1763397116786"",""type"":""user_organization"",""label"":""Organisation"",""placeholder"":"""",""required"":true,""options"":[]},{""id"":""field_1763397127654"",""type"":""user_job_title"",""label"":""Job Title"",""placeholder"":"""",""required"":true,""options"":[]},{""id"":""field_1763396770095"",""type"":""textarea"",""label"":""Let us know what you were looking for and where you expected to find it."",""placeholder"":"""",""required"":true,""options"":[]}]",Submit,Thank you for your submission!,,false,true,0,691b4cd833b3a9266780a6b6,2025-11-17T16:27:04.244000,2025-11-17T22:04:01.848000,68efc2103e0a30fafad6dde8,mat.the.diver@googlemail.com,false
Contact us,We would love to hear from you! Send us a message using the form below and someone from the team will be in touch.,something-missing-copy-1763455317170,card_swipe,"[{""id"":""field_1763397080776"",""type"":""user_name"",""label"":""Your name"",""placeholder"":"""",""required"":true,""options"":[],""allow_other"":false},{""id"":""field_1763397116786"",""type"":""user_organization"",""label"":""Organisation"",""placeholder"":"""",""required"":true,""options"":[],""allow_other"":false},{""id"":""field_1763397127654"",""type"":""user_job_title"",""label"":""Job Title"",""placeholder"":"""",""required"":true,""options"":[],""allow_other"":false},{""id"":""field_1763456101318"",""type"":""select"",""label"":""Topic of Enquiry"",""placeholder"":"""",""required"":true,""options"":[""Membership"",""Finance"",""Learning & Events"",""Communications"",""News, resources and research"",""Community""],""allow_other"":true},{""id"":""field_1763456147812"",""type"":""textarea"",""label"":""Message"",""placeholder"":"""",""required"":true,""options"":[],""allow_other"":false}]",Submit,Thank you for your submission!,,false,true,0,691c3155e1399fc3f18c28f8,2025-11-18T08:41:57.612000,2025-11-18T08:56:07.357000,68efc2103e0a30fafad6dde8,mat.the.diver@googlemail.com,false