title,slug,description,status,layout_type,meta_title,meta_description,element_ids,published_at,id,created_date,updated_date,created_by_id,created_by,is_sample
testPage,testpage,,published,public,,,"[]",2025-11-10T21:16:41.634Z,69125489749eb60ece691c69,2025-11-10T21:09:29.461000,2025-11-10T21:16:43.238000,68efc2103e0a30fafad6dde8,mat.the.diver@googlemail.com,false
sharon,sharon,,published,public,,,"[]",2025-11-16T09:13:04.185Z,69125d4cefc093fc1dd1cf35,2025-11-10T21:46:52.391000,2025-11-16T09:13:05.724000,68efc2103e0a30fafad6dde8,mat.the.diver@googlemail.com,false
About,about,About Graduate Futures,published,public,,,"[]",2025-11-20T13:47:01.881Z,691c55376ae6a4e64e60880c,2025-11-18T11:15:03.770000,2025-11-20T13:47:56.486000,anonymous,anonymous,false
home,homely,,published,public,,,"[]",2025-11-21T17:35:58.448Z,69209cbc0307dc67c7a39f2b,2025-11-21T17:09:16.443000,2025-11-21T17:35:59.914000,68efc2103e0a30fafad6dde8,mat.the.diver@googlemail.com,false
Media centre,news-media,,draft,public,Graduate Futures Institute media centre,Media support for the Graduate Futures Institute,"[]",,6925bac3d429305ede38853b,2025-11-25T14:18:43.301000,2025-11-25T14:25:15.933000,anonymous,anonymous,false