offline_award_id,member_id,assigned_by,notes,id,created_date,updated_date,created_by_id,created_by,is_sample,sublevel_id
69176eb771a897db95709232,68f320f9352d14ef0de61812,mat@isaasi.co.uk,,691b528ba421d00eaf4ce0bd,2025-11-17T16:51:23.592000,2025-11-17T16:51:23.592000,68efc2103e0a30fafad6dde8,mat.the.diver@googlemail.com,false,
69176eb771a897db95709232,68f799a2447439b098e4f350,sharon@onlinem.co.uk,,691b6d386e05df0c4eb1bba0,2025-11-17T18:45:12.511000,2025-11-17T18:45:12.511000,anonymous,anonymous,false,
69249c91174cdd801a6a88c1,68f320f9352d14ef0de61812,sharon@onlinem.co.uk,,69249d97b30d00695909ae0b,2025-11-24T18:01:59.632000,2025-11-24T18:01:59.632000,anonymous,anonymous,false,
69176eb771a897db95709232,68f320f9352d14ef0de61812,sharon@onlinem.co.uk,,69249d9c0ffc7e46bc25ed84,2025-11-24T18:02:04.265000,2025-11-24T18:02:04.266000,anonymous,anonymous,false,
69249c91174cdd801a6a88c1,68f26c073c795ca5818bfcd7,mat@isaasi.co.uk,,6924b3f5ef00285b5e42acb5,2025-11-24T19:37:25.677000,2025-11-24T19:37:25.677000,68efc2103e0a30fafad6dde8,mat.the.diver@googlemail.com,false,6924b184d89bafae02f45847
69249cebed5b8b7cfedef1f9,68f320f9352d14ef0de61812,sharon@onlinem.co.uk,,6924c9d6912ef786f8532d7c,2025-11-24T21:10:46.269000,2025-11-24T21:10:46.269000,anonymous,anonymous,false,6924c9905f0dc79938f344dc
6925c0aef668c8555f31e565,68f320f9352d14ef0de61812,sharon@onlinem.co.uk,,6925c0c21971936759c33ce3,2025-11-25T14:44:18.946000,2025-11-25T14:44:18.946000,anonymous,anonymous,false,
6925c0aef668c8555f31e565,68fa25fab0e8760323ad72b8,sharon@onlinem.co.uk,,6925c0d2760b5668543cf35d,2025-11-25T14:44:34.590000,2025-11-25T14:44:34.590000,anonymous,anonymous,false,