name,description,excluded_features,is_default,is_admin,show_tours,default_landing_page,layout_theme,id,created_date,updated_date,created_by_id,created_by,is_sample,requires_effective_from_date
AGCAS Team,Full system administrator with access to all features including role management,"[""page_RoleManagement"",""page_TeamMemberManagement""]",false,true,true,Events,default,68f24dad87b502aad96a8f1a,2025-10-17T14:07:41.417000,2025-10-26T21:00:22.441000,68efc2103e0a30fafad6dde8,mat.the.diver@googlemail.com,false,
Member,"Standard member role, can view and register for events.","[""payment_training_vouchers"",""payment_training_fund"",""page_DiscountCodeManagement"",""page_TeamMemberManagement"",""page_RoleManagement"",""page_MemberRoleAssignment"",""element_EventsSearch"",""page_Balances"",""page_Dashboard"",""element_SelfRegistration"",""page_EventSettings"",""element_AvailableSeatsDisplay"",""page_TicketSalesAnalytics"",""page_ResourceSettings"",""page_ResourceManagement"",""page_TagManagement"",""page_FileManagement"",""page_TourManagement"",""page_ResourceAuthorSettings"",""page_Resources"",""page_MyJobPostings"",""page_JobBoardSettings"",""page_JobPostingManagement"",""page_PageBannerManagement"",""page_ArticlesSection"",""page_Articles"",""page_MyArticles"",""page_Preferences"",""page_IEditPageManagement"",""page_IEditTemplateManagement"",""page_NavigationManagement"",""page_MemberHandleManagement"",""page_PageBuilder"",""page_Team"",""page_MemberDirectory"",""page_ButtonElements"",""page_ButtonStyleManagement"",""page_AwardManagement"",""page_WallOfFameManagement"",""page_FormsAdmin"",""page_FormManagement"",""page_FormBuilder"",""page_FormSubmissions"",""page_FloaterManagement"",""page_TeamInviteSettings"",""page_MemberDirectorySettings"",""page_JobBoardAdmin"",""page_ResourcesAdmin"",""page_BorderRadiusSettings"",""element_FloatersDisplay"",""page_OrganisationDirectory"",""page_MyNews"",""page_NewsEditor"",""page_News"",""page_NewsAdmin"",""page_NewsSettings"",""element_NewsTickerBar"",""page_DataExport"",""page_ArticleManagement"",""page_SiteMap"",""page_Support"",""page_CategoryManagement"",""page_SupportManagement"",""page_PortalNavigationManagement"",""page_MemberGroupManagement"",""page_ArticleEditor"",""page_ArticleView"",""page_NewsView"",""page_ArticlesAdmin"",""page_ArticlesSettings"",""page_GuestWriterManagement"",""page_IEditPageEditor"",""page_PortalMenuManagement"",""page_OrganisationDirectorySettings"",""page_InstalledFonts"",""page_user_Team"",""page_user_MemberDirectory"",""page_user_OrganisationDirectory"",""page_user_Resources"",""page_user_ArticlesSection"",""page_user_MyArticles"",""page_user_Articles"",""page_user_News"",""page_user_MyJobPostings"",""page_user_Support"",""page_user_Preferences"",""page_admin_NewsSection"",""page_admin_MyNews"",""page_admin_NewsSettings"",""page_admin_ArticlesSection"",""page_admin_ArticleManagement"",""page_admin_ArticlesSettings"",""page_admin_RoleManagement"",""page_admin_MemberRoleAssignment"",""page_admin_TeamMemberManagement"",""page_admin_MemberHandleManagement"",""page_admin_MemberDirectorySettings"",""page_admin_DiscountCodeManagement"",""page_admin_EventSettings"",""page_admin_TicketSalesAnalytics"",""page_admin_AwardManagement"",""page_admin_CategoryManagement"",""page_admin_ResourceSettings"",""page_admin_ResourcesSection"",""page_admin_TagManagement"",""page_admin_ResourceManagement"",""page_admin_FileManagement"",""page_admin_JobBoardSection"",""page_admin_JobPostingManagement"",""page_admin_JobBoardSettings"",""page_admin_PageBuilder"",""page_admin_IEditPageManagement"",""page_admin_IEditTemplateManagement"",""page_admin_PageBannerManagement"",""page_admin_NavigationManagement"",""page_admin_ButtonElements"",""page_admin_ButtonStyleManagement"",""page_admin_WallOfFameManagement"",""page_admin_InstalledFonts"",""page_admin_FormsSection"",""page_admin_FormManagement"",""page_admin_FormSubmissions"",""page_admin_FloaterManagement"",""page_admin_TeamInviteSettings"",""page_admin_DataExport"",""page_admin_SiteMap"",""page_admin_SupportManagement"",""page_admin_PortalNavigationManagement"",""page_admin_PortalMenuManagement"",""page_admin_TourManagement"",""page_admin_MemberGroupManagement"",""page_user_Balances""]",true,false,true,BuyProgramTickets,default,68f2731846e373d36c233b29,2025-10-17T16:47:20.390000,2025-11-23T10:36:56.520000,68efc2103e0a30fafad6dde8,mat.the.diver@googlemail.com,false,
Super Admin,Unrestricted access with full AGCAS team member control,"[]",false,true,true,Events,default,68f27748daec169248ff333d,2025-10-17T17:05:12.273000,2025-10-26T21:04:06.363000,68efc2103e0a30fafad6dde8,mat.the.diver@googlemail.com,false,
Service admin,"Member organisation administrator, responsible for purchasing tickets.","[""page_Dashboard"",""page_Balances"",""page_RoleManagement"",""page_MemberRoleAssignment"",""page_TeamMemberManagement"",""payment_training_vouchers"",""payment_training_fund"",""element_EventsSearch"",""element_SelfRegistration"",""page_TicketSalesAnalytics"",""page_EventSettings"",""page_DiscountCodeManagement"",""element_AvailableSeatsDisplay""]",false,false,true,BuyProgramTickets,default,68f323800e9f65c1902e8fa9,2025-10-18T05:20:00.552000,2025-10-31T05:20:42.573000,anonymous,anonymous,false,
Resource Contributor,"These users can add, edit and remove resources.","[""page_RoleManagement"",""page_MemberRoleAssignment"",""page_TeamMemberManagement"",""page_DiscountCodeManagement"",""page_EventSettings"",""page_TicketSalesAnalytics"",""page_ResourceSettings"",""page_TourManagement""]",false,true,true,Events,default,690ee22b6d28be575ed627c3,2025-11-08T06:24:43.252000,2025-11-08T06:41:03.395000,68efc2103e0a30fafad6dde8,mat.the.diver@googlemail.com,false,
Alumni,Retired members,"[]",false,false,true,Events,default,6924c3dc1af7cfd30cfaeb7e,2025-11-24T20:45:16.915000,2025-11-24T20:45:16.915000,68efc2103e0a30fafad6dde8,mat.the.diver@googlemail.com,false,true