name,page_name,view_id,is_active,description,id,created_date,updated_date,created_by_id,created_by,is_sample,mandatory_selector,mandatory_selector_missing_message
Buy Program Tickets,BuyProgramTickets,list,true,Explains how to purchase tickets,68fc964b7f5e08564d2ae3cf,2025-10-25T09:20:11.446000,2025-10-25T09:44:34.382000,68efc2103e0a30fafad6dde8,mat.the.diver@googlemail.com,false,,
Buy Program Tickets form,BuyProgramTickets,form,true,,68fe10181b85739447c8c55c,2025-10-26T12:12:08.104000,2025-10-26T12:12:08.104000,68efc2103e0a30fafad6dde8,mat.the.diver@googlemail.com,false,,
Browse Events,Events,,true,,68fe24a900091c1c393bf82a,2025-10-26T13:39:53.089000,2025-10-26T13:43:54.060000,68efc2103e0a30fafad6dde8,mat.the.diver@googlemail.com,false,,
Event Details,EventDetails,,true,,68fe26309d4ccaa11350cfbd,2025-10-26T13:46:24.773000,2025-10-26T13:46:24.773000,68efc2103e0a30fafad6dde8,mat.the.diver@googlemail.com,false,,
Bookings,Bookings,,true,,68fe2ecd25bcbe2c2ea05a6c,2025-10-26T14:23:09.765000,2025-10-26T16:53:01.272000,68efc2103e0a30fafad6dde8,mat.the.diver@googlemail.com,false,#first-booking-card,"It looks like there are no active bookings to show you a tour of right now. To start booking, head over to 'Browse Events' from the main menu and register for an event."
My Tickets,MyTickets,,true,,68fe3ae6967beb03882229f2,2025-10-26T15:14:46.677000,2025-10-26T17:10:16.571000,68efc2103e0a30fafad6dde8,mat.the.diver@googlemail.com,false,#first-ticket-status-badge,"You don't have any event tickets yet to tour. Register for an event by clicking 'Browse Events' in the menu, then come back here to see your tickets."
History,History,,true,,68fe5cfe9450b59737b6a68f,2025-10-26T17:40:14.442000,2025-10-26T17:40:14.442000,68efc2103e0a30fafad6dde8,mat.the.diver@googlemail.com,false,,