category_id,member_id,first_name,last_name,job_title,secondary_organisation,secondary_job_title,biography,profile_photo_url,linkedin_url,email,display_order,is_active,id,created_date,updated_date,created_by_id,created_by,is_sample
691984b83221bfe09c5a132e,68fb36f35ff2554b3b313a2a,Martin,Edmondson,Chief Executive Officer,Secondary Organisaton,Secondary Job Title,Here is a full bio for Martin.,https://base44.app/api/apps/68efc20f3e0a30fafad6dde7/files/public/68efc20f3e0a30fafad6dde7/cf46f9a0b_MartinEdmondson.jpg,martinsLinkedIn,martin.edmondson@agcas.org.uk,0,true,6919853afa9cf8ccaacedd77,2025-11-16T08:03:06.123000,2025-11-20T22:44:03.396000,68efc2103e0a30fafad6dde8,mat.the.diver@googlemail.com,false
691984b83221bfe09c5a132e,691c3ff40f9d5f73e6e86862,Grace,Lippolis,Publications Officer,,,complete this later,https://base44.app/api/apps/68efc20f3e0a30fafad6dde7/files/public/68efc20f3e0a30fafad6dde7/75ad16895_Headshot2025.jpg,https://www.linkedin.com/in/gracelippoliscontentmanager/?originalSubdomain=uk,grace.lippolis@agcas.org.uk,0,true,691ee9a53a693e2cff32f65b,2025-11-20T10:12:53.598000,2025-11-20T10:12:53.598000,anonymous,anonymous,false
691984b83221bfe09c5a132e,,Lucy,Begley,Communications Manager,,,,https://base44.app/api/apps/68efc20f3e0a30fafad6dde7/files/public/68efc20f3e0a30fafad6dde7/a92219713_Lucy_headshot.jpeg,,lucy.begley@agcas.org.uk,0,true,691ee9de6413ae2c7c7e1b00,2025-11-20T10:13:50.099000,2025-11-20T10:13:50.099000,anonymous,anonymous,false
691984b83221bfe09c5a132e,68f8c987ffa0eb5b48290c20,Craig,Strachan,Communications Officer,,,"Craig joined AGCAS in April 2025, after working in a similar role as the Marketing and Events Officer at Cardiff Metropolitan University’s Centre for Entrepreneurship. Craig is responsible for producing the communications material for AGCAS under the guidance of the Communications Manager, as well as working in collaboration with the publications team. He has a degree in Journalism and English Literature, a postgraduate degree in Magazine Journalism and prior experience in music PR.",https://base44.app/api/apps/68efc20f3e0a30fafad6dde7/files/public/68efc20f3e0a30fafad6dde7/f70868855_CraigHeadshot3.jpeg,https://www.linkedin.com/in/craig-strachan-1515141b5/,craig.strachan@agcas.org.uk,4,true,691ee9e795df8d9fcbcdf706,2025-11-20T10:13:59.180000,2025-11-20T10:21:02.311000,anonymous,anonymous,false
691984b83221bfe09c5a132e,68fb370f70dcd22b7151ff7b,Jeremy,Swan,,,,,https://base44.app/api/apps/68efc20f3e0a30fafad6dde7/files/public/68efc20f3e0a30fafad6dde7/e48fb6333_--7.jpg,,jeremy.swan@agcas.org.uk,0,true,691eeb14cbdde6a8e4d80a1c,2025-11-20T10:19:00.204000,2025-11-21T13:05:32.950000,anonymous,anonymous,false